Symbol|Security|GICS Sector|GICS Sub-Industry|Founded|from1|to1|from2|to2|from3|to3
A|Agilent Technologies|Health Care|Health Care Equipment|1999|2000-06-05|||||
AA|Alcoa Inc|||||2016-11-01||||
AAL|American Airlines Group|Industrials|Airlines|1934|2015-03-23|||||
AAP|Advance Auto Parts|Consumer Discretionary|Automotive Retail|1932|2015-07-09|||||
AAPL|Apple Inc.|Information Technology|Technology Hardware, Storage & Peripherals|1977|1982-11-30|||||
ABBV|AbbVie Inc.|Health Care|Pharmaceuticals|2013|2012-12-31|||||
ABC|AmerisourceBergen|Health Care|Health Care Distributors|1985|2001-08-30|||||
ABK|Ambac Financial||||2000-12-05|2008-06-10||||
ABMD|Abiomed|Health Care|Health Care Equipment|1981|2018-05-31|||||
ABS|Albertsons|||||2006-06-02||||
ABT|Abbott Laboratories|Health Care|Health Care Equipment|1888|1964-03-31|||||
ACAS|American Capital|||||2009-03-03||||
ACN|Accenture|Information Technology|IT Consulting & Other Services|1989|2011-07-06|||||
ADBE|Adobe Inc.|Information Technology|Application Software|1982|1997-05-05|||||
ADI|Analog Devices, Inc.|Information Technology|Semiconductors|1965|1999-10-12|||||
ADM|Archer-Daniels-Midland Co|Consumer Staples|Agricultural Products|1902|1981-07-29|||||
ADP|Automatic Data Processing|Information Technology|Data Processing & Outsourced Services|1949|1981-03-31|||||
ADS|Alliance Data Systems||||2013-12-23|2020-06-22||||
ADSK|Autodesk Inc.|Information Technology|Application Software|1982|1989-12-01|||||
ADT|ADT Corp||||2012-10-01|2016-05-03||||
AEE|Ameren Corp|Utilities|Multi-Utilities|1902|1991-09-19|||||
AEP|American Electric Power|Utilities|Electric Utilities|1906|1957-03-04|||||
AES|AES Corp|Utilities|Independent Power Producers & Energy Traders|1981|1998-10-02|||||
AET|Aetna Inc|||||2018-12-03||||
AFL|Aflac|Financials|Life & Health Insurance|1955|1999-05-28|||||
AGN|Allergan|||||2020-05-12||||
AGN|Allergan, Inc|||||2015-03-23||||
AIG|American International Group|Financials|Property & Casualty Insurance|1919|1980-03-31|||||
AIV|Apartment Investment & Management|||||2020-12-21||||
AIZ|Assurant|Financials|Multi-line Insurance|1892|2007-04-10|||||
AJG|Arthur J. Gallagher & Co.|Financials|Insurance Brokers|1927|2016-05-31|||||
AKAM|Akamai Technologies|Information Technology|Internet Services & Infrastructure|1998|2007-07-12|||||
AKS|AK Steel Holding Corp.|||||2011-12-16||||
ALB|Albemarle Corporation|Materials|Specialty Chemicals|1994|2016-07-01|||||
ALGN|Align Technology|Health Care|Health Care Supplies|1997|2017-06-19|||||
ALK|Alaska Air Group|Industrials|Airlines|1985|2016-05-13|||||
ALL|Allstate Corp|Financials|Property & Casualty Insurance|1931|1995-07-13|||||
ALLE|Allegion|Industrials|Building Products|1908|2013-12-02|||||
ALTR|Altera Corp|||||2015-12-29||||
ALXN|Alexion Pharmaceuticals|Health Care|Pharmaceuticals|1992|2012-05-25|||||
AMAT|Applied Materials Inc.|Information Technology|Semiconductor Equipment|1967|1995-03-16|||||
AMCR|Amcor plc|Materials|Paper Packaging|2019|2019-06-07|||||
AMD|Advanced Micro Devices|Information Technology|Semiconductors|1969||2013-09-20|2017-03-20|||
AME|Ametek|Industrials|Electrical Components & Equipment|1930|2013-09-23|||||
AMG|Affiliated Managers Group||||2014-07-01|2019-12-23||||
AMGN|Amgen Inc.|Health Care|Biotechnology|1980|1992-01-02|||||
AMP|Ameriprise Financial|Financials|Asset Management & Custody Banks|1894|2005-10-03|||||
AMT|American Tower Corp.|Real Estate|Specialized REITs|1995|2007-11-19|||||
AMZN|Amazon.com Inc.|Consumer Discretionary|Internet & Direct Marketing Retail|1994|2005-11-18|||||
AN|AutoNation Inc|||||2017-08-08||||
ANDV|Andeavor|||||2018-10-01||||
ANET|Arista Networks|Information Technology|Communications Equipment|2004|2018-08-28|||||
ANF|Abercrombie & Fitch|||||2013-12-23||||
ANR|Alpha Natural Resources||||2011-06-01|2012-10-02||||
ANSS|ANSYS, Inc.|Information Technology|Application Software|1969|2017-06-19|||||
ANTM|Anthem|Health Care|Managed Health Care|2014|2002-07-25|||||
AON|Aon plc|Financials|Insurance Brokers|1982|1996-04-23|||||
AOS|A.O. Smith Corp|Industrials|Building Products|1916|2017-07-26|||||
APA|APA Corporation|Energy|Oil & Gas Exploration & Production|1954|1997-07-28|||||
APC|Anadarko Petroleum|||||2019-08-09||||
APD|Air Products & Chemicals|Materials|Industrial Gases|1940|1985-04-30|||||
APH|Amphenol Corp|Information Technology|Electronic Components|1932|2008-09-30|||||
APOL|Apollo Group Inc.|||||2013-06-28||||
APTV|Aptiv PLC|Consumer Discretionary|Auto Parts & Equipment|1994|2012-12-24|||||
ARE|Alexandria Real Estate Equities|Real Estate|Office REITs|1994|2017-03-20|||||
ARG|Airgas Inc||||2009-09-28|2016-05-23||||
ARNC|Arconic Inc||||2016-11-01|||||
ATI|Allegheny Technologies|||||2015-07-02||||
ATO|Atmos Energy|Utilities|Gas Utilities|1906|2019-02-15|||||
ATVI|Activision Blizzard|Communication Services|Interactive Home Entertainment|2008|2015-08-31|||||
AV|Avaya Inc.|||||2007-10-26||||
AVB|AvalonBay Communities|Real Estate|Residential REITs|1978|2007-01-10|||||
AVGO|Broadcom Inc.|Information Technology|Semiconductors|1961|2014-05-08|||||
AVP|Avon Products|||||2015-03-23||||
AVY|Avery Dennison Corp|Materials|Paper Packaging|1990|1987-12-31|||||
AWK|American Water Works|Utilities|Water Utilities|1886|2016-03-04|||||
AXP|American Express|Financials|Consumer Finance|1850|1976-06-30|||||
AYE|Allegheny Energy Inc.||||2000-12-05|2011-02-25||||
AYI|Acuity Brands||||2016-05-03|2018-06-18||||
AZO|AutoZone Inc|Consumer Discretionary|Specialty Stores|1979|1997-01-02|||||
BA|Boeing Company|Industrials|Aerospace & Defense|1916|1957-03-04|||||
BAC|Bank of America Corp|Financials|Diversified Banks|1998|1976-06-30|||||
BAX|Baxter International Inc.|Health Care|Health Care Equipment|1931|1972-09-30|||||
BBBY|Bed Bath & Beyond|||||2017-07-26||||
BBY|Best Buy Co. Inc.|Consumer Discretionary|Computer & Electronics Retail|1966|1999-06-29|||||
BCR|CR Bard|||||2018-01-03||||
BDX|Becton Dickinson|Health Care|Health Care Equipment|1897|1972-09-30|||||
BEAM|Beam Inc.|||||2014-05-01||||
BEN|Franklin Resources|Financials|Asset Management & Custody Banks|1947||||||
BF.B|Brown-Forman Corp.|Consumer Staples|Distillers & Vintners|1870|1982-10-31|||||
BHF|Brighthouse Financial||||2017-08-08|2019-04-02||||
BIG|Big Lots Inc.|||||2013-02-15||||
BIIB|Biogen Inc.|Health Care|Biotechnology|1978|2003-11-13|||||
BIO|Bio-Rad Laboratories|Health Care|Life Sciences Tools & Services|1952|2020-06-22|||||
BJS|BJ Services Company|||||2010-04-29||||
BK|The Bank of New York Mellon|Financials|Asset Management & Custody Banks|1784|1995-03-31|||||
BKNG|Booking Holdings Inc|Consumer Discretionary|Internet & Direct Marketing Retail|1996|2009-11-06|||||
BKR|Baker Hughes Co|Energy|Oil & Gas Equipment & Services|2017|2017-07-07|||||
BLK|BlackRock|Financials|Asset Management & Custody Banks|1988|2011-04-04|||||
BLL|Ball Corp|Materials|Metal & Glass Containers|1880|1984-10-31|||||
BMC|BMC Software|||||2013-09-10||||
BMS|Bemis Company|||||2014-12-05|2019-06-07|||
BMY|Bristol-Myers Squibb|Health Care|Health Care Distributors|1989|1957-03-04|||||
BR|Broadridge Financial Solutions|Information Technology|Data Processing & Outsourced Services|1962|2018-06-18|||||
BRCM|Broadcom Corporation|||||2016-02-01||||
BRK.B|Berkshire Hathaway|Financials|Multi-Sector Holdings|1839|2010-02-16|||||
BS|Bethlehem Steel|||||2000-12-05||||
BSX|Boston Scientific|Health Care|Health Care Equipment|1979|1995-02-24|||||
BTU|Peabody Energy|||||2014-09-20||||
BWA|BorgWarner|Consumer Discretionary|Auto Parts & Equipment|1880|2011-12-19|||||
BXLT|Baxalta Inc||||2015-07-01|2016-06-03||||
BXP|Boston Properties|Real Estate|Office REITs|1970|2006-04-03|||||
C|Citigroup Inc.|Financials|Diversified Banks|1998|1988-05-31|||||
CA|CA Inc.|||||2018-11-06||||
CAG|Conagra Brands|Consumer Staples|Packaged Foods & Meats|1919|1983-08-31|||||
CAH|Cardinal Health Inc.|Health Care|Health Care Distributors|1971|1997-05-27|||||
CAM|Cameron International|||||2016-04-04||||
CARR|Carrier Global|Industrials|Building Products|2020|2020-04-03|||||
CAT|Caterpillar Inc.|Industrials|Construction Machinery & Heavy Trucks|1925|1957-03-04|||||
CB|Chubb Limited|Financials|Property & Casualty Insurance|1985|2010-07-15|||||
CBE|Cooper Industries|||||2009-09-28|2011-11-18|2012-12-03||
CBOE|Cboe Global Markets|Financials|Financial Exchanges & Data|1973|2017-03-01|||||
CBRE|CBRE Group|Real Estate|Real Estate Services|1906|2006-11-10|||||
CCE|Coca-Cola Enterprises|||||2016-05-31||||
CCI|Crown Castle|Real Estate|Specialized REITs|1994|2012-03-14|||||
CCK|Crown Holdings|||||2000-12-05||||
CCL|Carnival Corp.|Consumer Discretionary|Hotels, Resorts & Cruise Lines|1972|1998-12-22|||||
CDNS|Cadence Design Systems|Information Technology|Application Software|1988|2017-09-18|||||
CDW|CDW|Information Technology|Technology Distributors|1984|2019-09-23|||||
CE|Celanese|Materials|Specialty Chemicals|1918|2018-12-24|||||
CEG|Constellation Energy Group|||||2012-03-13||||
CELG|Celgene|||||2019-11-21||||
CEPH|Cephalon Inc.|||||2011-10-14||||
CERN|Cerner|Health Care|Health Care Technology|1979|2010-04-30|||||
CF|CF Industries Holdings Inc|Materials|Fertilizers & Agricultural Chemicals|1946|2008-08-27|||||
CFG|Citizens Financial Group|Financials|Regional Banks|1828|2016-01-29|||||
CFN|Carefusion|||||2015-03-18||||
CHD|Church & Dwight|Consumer Staples|Household Products|1847|2015-12-29|||||
CHK|Chesapeake Energy|||||2018-03-19||||
CHRW|C. H. Robinson Worldwide|Industrials|Air Freight & Logistics|1905|2007-03-02|||||
CHTR|Charter Communications|Communication Services|Cable & Satellite|1993|2016-09-08|||||
CI|Cigna|Health Care|Managed Health Care|1982|1976-06-30|||||
CIEN|Ciena|||||2009-12-18||||
CINF|Cincinnati Financial|Financials|Property & Casualty Insurance|1950|1997-12-18|||||
CL|Colgate-Palmolive|Consumer Staples|Household Products|1806|1957-03-04|||||
CLF|Cliffs Natural Resources||||2009-12-18|2014-04-02||||
CLX|The Clorox Company|Consumer Staples|Household Products|1913|1969-03-31|||||
CMA|Comerica Inc.|Financials|Diversified Banks|1849|1995-12-01|||||
CMCSA|Comcast Corp.|Communication Services|Cable & Satellite|1963|2002-11-19|||||
CMCSK|Comcast K Corp||||2015-09-18|2015-12-15||||
CME|CME Group Inc.|Financials|Financial Exchanges & Data|1848|2006-08-11|||||
CMG|Chipotle Mexican Grill|Consumer Discretionary|Restaurants|1993|2011-04-28|||||
CMI|Cummins Inc.|Industrials|Industrial Machinery|1919|1965-03-31|||||
CMS|CMS Energy|Utilities|Multi-Utilities|1886|1999-05-03|||||
CNC|Centene Corporation|Health Care|Managed Health Care|1984|2016-03-30|||||
CNP|CenterPoint Energy|Utilities|Multi-Utilities|1882|1985-07-31|||||
CNX|Consol Energy|||||2016-03-04||||
COF|Capital One Financial|Financials|Consumer Finance|1994|1998-07-01|||||
COG|Cabot Oil & Gas|Energy|Oil & Gas Exploration & Production|1989|2008-06-23|||||
COL|Rockwell Collins|||||2018-12-03||||
COO|The Cooper Companies|Health Care|Health Care Supplies|1958|2016-09-23|||||
COP|ConocoPhillips|Energy|Oil & Gas Exploration & Production|2002|1957-03-04|||||
COST|Costco Wholesale Corp.|Consumer Staples|Hypermarkets & Super Centers|1976|1993-10-01|||||
COTY|Coty Inc.||||2016-09-30|2020-09-21||||
COV|Covidien||||2011-02-28|2015-01-27||||
CPB|Campbell Soup|Consumer Staples|Packaged Foods & Meats|1869|1957-03-04|||||
CPGX|Columbia Pipeline Group||||2015-07-02|2016-07-05||||
CPRI|Capri Holdings|||||2020-05-12||||
CPRT|Copart Inc|Industrials|Diversified Support Services|1982|2018-07-02|||||
CPWR|Compuware|||||2011-12-31||||
CRM|Salesforce.com|Information Technology|Application Software|1999|2008-09-15|||||
CSC|Computer Sciences Corp|||||2015-12-01||||
CSCO|Cisco Systems|Information Technology|Communications Equipment|1984|1993-12-01|||||
CSRA|CSRA Inc.||||2015-12-01|2018-04-04||||
CSX|CSX Corp.|Industrials|Railroads|1980|1967-09-30|||||
CTAS|Cintas Corporation|Industrials|Diversified Support Services|1929|2001-03-01|||||
CTLT|Catalent|Health Care|Pharmaceuticals|2007|2020-09-21|||||
CTSH|Cognizant Technology Solutions|Information Technology|IT Consulting & Other Services|1994|2006-11-17|||||
CTVA|Corteva|Materials|Fertilizers & Agricultural Chemicals|2019|2019-06-03|||||
CTXS|Citrix Systems|Information Technology|Application Software|1989|1999-12-01|||||
CVC|Cablevision Systems||||2010-12-17|2016-06-22||||
CVG|Convergys|||||2009-12-18||||
CVH|Coventry Health Care|||||2013-05-08||||
CVS|CVS Health|Health Care|Health Care Services|1996|1957-03-04|||||
CVX|Chevron Corp.|Energy|Integrated Oil & Gas|1879|1957-03-04|||||
CXO|Concho Resources||||2016-02-22|2021-01-21||||
CZR|Caesars Entertainment|Consumer Discretionary|Casinos & Gaming|1973|2021-03-22|||||
D|Dominion Energy|Utilities|Electric Utilities|1983||||||
DAL|Delta Air Lines Inc.|Industrials|Airlines|1929|2013-09-11|||||
DD|DuPont de Nemours Inc|Materials|Specialty Chemicals|2017||2017-09-01|2019-04-02|||
DE|Deere & Co.|Industrials|Agricultural & Farm Machinery|1837|1957-03-04|||||
DELL|Dell, Inc.|||||2013-10-29||||
DF|Dean Foods|||||2013-05-23||||
DFS|Discover Financial Services|Financials|Consumer Finance|1985|2007-07-02|||||
DG|Dollar General|Consumer Discretionary|General Merchandise Stores|1939|2012-12-03|||||
DGX|Quest Diagnostics|Health Care|Health Care Services|1967|2002-12-12|||||
DHI|D. R. Horton|Consumer Discretionary|Homebuilding|1978|2005-06-22|||||
DHR|Danaher Corp.|Health Care|Health Care Equipment|1969||||||
DIS|The Walt Disney Company|Communication Services|Movies & Entertainment|1923|1976-06-30|||||
DISCA|Discovery, Inc. (Series A)|Communication Services|Broadcasting|1985|2010-03-01|||||
DISCK|Discovery, Inc. (Series C)|Communication Services|Broadcasting|1985|2014-08-07|||||
DISH|Dish Network|Communication Services|Cable & Satellite|1980|2017-03-13|||||
DJ|Dow Jones|||||2007-12-13||||
DLPH|Delphi Automotive||||2012-12-21|||||
DLR|Digital Realty Trust Inc|Real Estate|Specialized REITs|2004|2016-05-18|||||
DLTR|Dollar Tree|Consumer Discretionary|General Merchandise Stores|1986|2011-12-19|||||
DNB|Dun & Bradstreet|||||2017-04-05||||
DNR|Denbury Resources|||||2015-03-23||||
DO|Diamond Offshore Drilling|||||2016-09-30||||
DOV|Dover Corporation|Industrials|Industrial Machinery|1955|1985-10-31|||||
DOW|Dow Inc.|Materials|Commodity Chemicals|2019||2017-09-01|2019-04-01|||
DPS|Dr Pepper Snapple Group|||||2018-07-02||||
DPZ|Domino's Pizza|Consumer Discretionary|Restaurants|1960|2020-05-12|||||
DRE|Duke Realty Corp|Real Estate|Industrial REITs|1972|2017-07-26|||||
DRI|Darden Restaurants|Consumer Discretionary|Restaurants|1938||||||
DTE|DTE Energy Co.|Utilities|Multi-Utilities|1995|1957-03-04|||||
DTV|DirecTV|||||2015-07-29||||
DUK|Duke Energy|Utilities|Electric Utilities|1904|1976-06-30|||||
DV|DeVry, Inc.|||||2012-10-01||||
DVA|DaVita Inc.|Health Care|Health Care Facilities|1979|2008-07-31|||||
DVN|Devon Energy|Energy|Oil & Gas Exploration & Production|1971|2000-08-30|||||
DWDP|DowDuPont Inc.||||2017-09-01|2019-06-03||||
DXC|DXC Technology|Information Technology|IT Consulting & Other Services|2017|2017-04-04|||||
DXCM|DexCom|Health Care|Health Care Equipment|1999|2020-05-12|||||
DYN|Dynegy|||||2009-12-18||||
EA|Electronic Arts|Communication Services|Interactive Home Entertainment|1982|2002-07-22|||||
EBAY|eBay Inc.|Consumer Discretionary|Internet & Direct Marketing Retail|1995|2002-07-22|||||
ECL|Ecolab Inc.|Materials|Specialty Chemicals|1923|1989-01-31|||||
ED|Consolidated Edison|Utilities|Electric Utilities|1823||||||
EFX|Equifax Inc.|Industrials|Research & Consulting Services|1899|1997-06-19|||||
EIX|Edison Int'l|Utilities|Electric Utilities|1886|1957-03-04|||||
EK|Eastman Kodak Co.|||||2010-12-17||||
EL|Estée Lauder Companies|Consumer Staples|Personal Products|1946|2006-01-05|||||
EMC|EMC Corporation|||||2016-09-08||||
EMN|Eastman Chemical|Materials|Diversified Chemicals|1920|1994-01-01|||||
EMR|Emerson Electric Company|Industrials|Electrical Components & Equipment|1890|1965-03-31|||||
ENDP|Endo International||||2015-01-27|2017-03-02||||
ENPH|Enphase Energy|Information Technology|Electronic Components|2006|2021-01-07|||||
EOG|EOG Resources|Energy|Oil & Gas Exploration & Production|1999|2000-11-02|||||
EP|El Paso Corp.|||||2012-05-17||||
EQIX|Equinix|Real Estate|Specialized REITs|1998|2015-03-20|||||
EQR|Equity Residential|Real Estate|Residential REITs|1969|2001-12-03|||||
EQT|EQT Corp|||||2018-11-13||||
ES|Eversource Energy|Utilities|Multi-Utilities|1966||||||
ESRX|Express Scripts||||2003-09-25|2018-12-24||||
ESS|Essex Property Trust, Inc.|Real Estate|Residential REITs|1971|2014-04-02|||||
ESV|Ensco plc (now Valaris plc)||||2012-07-31|2016-03-30||||
ETFC|E*TRADE Financial|||||2020-10-07||||
ETN|Eaton Corporation|Industrials|Electrical Components & Equipment|1911||||||
ETR|Entergy Corp.|Utilities|Electric Utilities|1913|1957-03-04|||||
ETSY|Etsy|Consumer Discretionary|Internet & Direct Marketing Retail|2005|2020-09-21|||||
EVHC|Envision Healthcare||||2016-12-02|2018-10-11||||
EVRG|Evergy|Utilities|Electric Utilities|1909|2018-06-05|||||
EW|Edwards Lifesciences|Health Care|Health Care Equipment|1958|2011-04-01|||||
EXC|Exelon Corp.|Utilities|Multi-Utilities|2000|1957-03-04|||||
EXPD|Expeditors|Industrials|Air Freight & Logistics|1979|2007-10-10|||||
EXPE|Expedia Group|Consumer Discretionary|Internet & Direct Marketing Retail|1996|2007-10-02|||||
EXR|Extra Space Storage|Real Estate|Specialized REITs|1977|2016-01-19|||||
F|Ford Motor Company|Consumer Discretionary|Automobile Manufacturers|1903|1957-03-04|||||
FANG|Diamondback Energy|Energy|Oil & Gas Exploration & Production|2007|2018-12-03|||||
FAST|Fastenal Co|Industrials|Building Products|1967|2008-09-15|||||
FB|Facebook, Inc.|Communication Services|Interactive Media & Services|2004|2013-12-23|||||
FBHS|Fortune Brands Home & Security|Industrials|Building Products|2011|2016-06-22|||||
FCX|Freeport-McMoRan Inc.|Materials|Copper|1912||||||
FDC|First Data Corp.|||||2007-09-26||||
FDO|Family Dollar Stores Inc.|||||2015-07-08||||
FDX|FedEx Corporation|Industrials|Air Freight & Logistics|1971|1980-12-31|||||
FE|FirstEnergy Corp|Utilities|Electric Utilities|1997||||||
FFIV|F5 Networks|Information Technology|Communications Equipment|1996|2010-12-20|||||
FHN|First Horizon|||||2013-06-21||||
FII|Federated Investors|||||2012-12-31||||
FIS|Fidelity National Information Services|Information Technology|Data Processing & Outsourced Services|1968|2006-11-10|||||
FISV|Fiserv Inc|Information Technology|Data Processing & Outsourced Services|1984|2001-04-02|||||
FITB|Fifth Third Bancorp|Financials|Regional Banks|1858||||||
FL|Foot Locker||||2016-04-04|2019-08-09||||
FLIR|FLIR Systems|Information Technology|Electronic Equipment & Instruments|1978|2009-01-02|||||
FLR|Fluor Corporation|||||2019-06-03||||
FLS|Flowserve|||||2021-03-22||||
FLT|FleetCor Technologies Inc|Information Technology|Data Processing & Outsourced Services|2000|2018-06-20|||||
FMC|FMC Corporation|Materials|Fertilizers & Agricultural Chemicals|1883|2009-08-19|||||
FNM|Fannie Mae|||||2008-09-12||||
FOSL|Fossil Group||||2012-04-03|2016-01-05||||
FOX|Fox Corporation (Class B)|Communication Services|Movies & Entertainment|2019|2015-09-18|||||
FOXA|Fox Corporation (Class A)|Communication Services|Movies & Entertainment|2019|2013-07-01|||||
FRC|First Republic Bank|Financials|Regional Banks|1985|2019-01-02|||||
FRE|Freddie Mac|||||2008-09-12||||
FRT|Federal Realty Investment Trust|Real Estate|Retail REITs|1962|2016-02-01|||||
FRX|Forest Laboratories|||||2014-07-01||||
FSLR|First Solar|||||2017-03-20||||
FTI|TechnipFMC|||||2021-02-12||||
FTNT|Fortinet|Information Technology|Systems Software|2000|2018-10-11|||||
FTR|Frontier Communications|||||2017-03-20||||
FTV|Fortive Corp|Industrials|Industrial Machinery|2016|2016-07-01|||||
GAS|AGL Resources|||||2016-07-01||||
GD|General Dynamics|Industrials|Aerospace & Defense|1899|1957-03-04|||||
GDI|Gardner Denver||||2020-03-03|||||
GE|General Electric|Industrials|Industrial Conglomerates|1892||||||
GENZ|Genzyme Corp.|||||2011-04-01||||
GGP|General Growth Properties||||2013-12-10|2018-08-28||||
GHC|Graham Holdings|||||2014-09-20||||
GILD|Gilead Sciences|Health Care|Biotechnology|1987|2004-07-01|||||
GIS|General Mills|Consumer Staples|Packaged Foods & Meats|1856|1969-03-31|||||
GL|Globe Life Inc.|Financials|Life & Health Insurance|1900|1989-04-30|||||
GLK|Great Lakes Chemical|||||2005-07-01||||
GLW|Corning Inc.|Information Technology|Electronic Components|1851||||||
GM|General Motors|Consumer Discretionary|Automobile Manufacturers|1908|2013-06-06|||||
GMCR|Keurig Green Mountain||||2014-03-21|2016-03-07||||
GME|GameStop||||2007-12-13|2016-04-25||||
GNRC|Generac Holdings|Industrials|Electrical Components & Equipment|1959|2021-03-22|||||
GNW|Genworth Financial|||||2015-11-18||||
GOOG|Alphabet Inc. (Class C)|Communication Services|Interactive Media & Services|1998|2006-04-03|||||
GOOGL|Alphabet Inc. (Class A)|Communication Services|Interactive Media & Services|1998|2014-04-03|||||
GPC|Genuine Parts|Consumer Discretionary|Specialty Stores|1925|1973-12-31|||||
GPN|Global Payments Inc.|Information Technology|Data Processing & Outsourced Services|2000|2016-04-25|||||
GPS|Gap Inc.|Consumer Discretionary|Apparel Retail|1969|1986-08-31|||||
GR|Goodrich Corporation|||||2012-07-31||||
GRA|W.R. Grace|||||2000-12-05||||
GRMN|Garmin Ltd.|Consumer Discretionary|Consumer Electronics|1989|2012-12-12|||||
GS|Goldman Sachs Group|Financials|Investment Banking & Brokerage|1869|2002-07-22|||||
GT|The Goodyear Tire & Rubber Company|||||2019-02-27||||
GWW|Grainger (W.W.) Inc.|Industrials|Industrial Machinery|1927|1981-06-30|||||
HAL|Halliburton Co.|Energy|Oil & Gas Equipment & Services|1919|1957-03-04|||||
HAR|Harman Int'l Industries|||||2017-03-16||||
HAS|Hasbro Inc.|Consumer Discretionary|Leisure Products|1923|1984-09-30|||||
HBAN|Huntington Bancshares|Financials|Regional Banks|1866||||||
HBI|Hanesbrands Inc|Consumer Discretionary|Apparel, Accessories & Luxury Goods|2000|2015-03-20|||||
HCA|HCA Healthcare|Health Care|Health Care Facilities|1968|2015-01-27|||||
HCBK|Hudson City Bancorp Inc|||||2015-11-02||||
HD|Home Depot|Consumer Discretionary|Home Improvement Retail|1978|1988-03-31|||||
HES|Hess Corporation|Energy|Integrated Oil & Gas|1919|1984-05-31|||||
HFC|HollyFrontier Corp|Energy|Oil & Gas Refining & Marketing|1947|2018-06-18|||||
HIG|Hartford Financial Svc.Gp.|Financials|Property & Casualty Insurance|1810|1957-03-04|||||
HII|Huntington Ingalls Industries|Industrials|Aerospace & Defense|2011|2018-01-03|||||
HLT|Hilton Worldwide Holdings Inc|Consumer Discretionary|Hotels, Resorts & Cruise Lines|1919|2017-06-19|||||
HNZ|H. J. Heinz Company|||||2013-06-06||||
HOG|Harley-Davidson|||||2020-06-22||||
HOLX|Hologic|Health Care|Health Care Equipment|1985|2016-03-30|||||
HON|Honeywell Int'l Inc.|Industrials|Industrial Conglomerates|1906|1964-03-31|||||
HOT|Starwood Hotels & Resorts Worldwide Inc|||||2016-09-22||||
HP|Helmerich & Payne||||2010-02-26|2020-05-22||||
HPE|Hewlett Packard Enterprise|Information Technology|Technology Hardware, Storage & Peripherals|2015|2015-11-02|||||
HPQ|HP Inc.|Information Technology|Technology Hardware, Storage & Peripherals|1939|1974-12-31|||||
HRB|H&R Block|||||2020-09-21||||
HRL|Hormel Foods Corp.|Consumer Staples|Packaged Foods & Meats|1891|2009-03-04|||||
HRS|Harris Corporation||||2008-09-16|||||
HSIC|Henry Schein|Health Care|Health Care Distributors|1932|2015-03-17|||||
HSP|Hospira Inc|||||2015-09-02||||
HST|Host Hotels & Resorts|Real Estate|Hotel & Resort REITs|1993|2007-03-20|||||
HSY|The Hershey Company|Consumer Staples|Packaged Foods & Meats|1894|1957-03-04|||||
HUM|Humana Inc.|Health Care|Managed Health Care|1961||||||
HWM|Howmet Aerospace|Industrials|Aerospace & Defense|2016|1964-03-31|||||
IBM|International Business Machines|Information Technology|IT Consulting & Other Services|1911|1957-03-04|||||
ICE|Intercontinental Exchange|Financials|Financial Exchanges & Data|2000|2007-09-26|||||
IDXX|Idexx Laboratories|Health Care|Health Care Equipment|1983|2017-01-05|||||
IEX|IDEX Corporation|Industrials|Industrial Machinery|1988|2019-08-09|||||
IFF|International Flavors & Fragrances|Materials|Specialty Chemicals|1958|1976-03-31|||||
IGT|International Game Technology|||||2014-06-20||||
ILMN|Illumina Inc|Health Care|Life Sciences Tools & Services|1998|2015-11-19|||||
INCY|Incyte|Health Care|Biotechnology|1991|2017-02-28|||||
INFO|IHS Markit|Industrials|Research & Consulting Services|1959|2017-06-02|||||
INTC|Intel Corp.|Information Technology|Semiconductors|1968|1976-12-31|||||
INTU|Intuit Inc.|Information Technology|Application Software|1983|2000-12-05|||||
IP|International Paper|Materials|Paper Packaging|1898|1957-03-04|||||
IPG|Interpublic Group|Communication Services|Advertising|1961|1992-10-01|||||
IPGP|IPG Photonics Corp.|Information Technology|Electronic Manufacturing Services|1990|2018-03-07|||||
IQV|IQVIA Holdings Inc.|Health Care|Life Sciences Tools & Services|1982|2017-08-29|||||
IR|Ingersoll-Rand|Industrials|Industrial Machinery|1859|2020-03-03|||||
IRM|Iron Mountain Incorporated|Real Estate|Specialized REITs|1951|2009-01-06|||||
ISRG|Intuitive Surgical Inc.|Health Care|Health Care Equipment|1995|2008-06-02|||||
IT|Gartner Inc|Information Technology|IT Consulting & Other Services|1979|2017-04-05|||||
ITT|ITT Corp.|||||2011-10-31||||
ITW|Illinois Tool Works|Industrials|Industrial Machinery|1912|1986-02-28|||||
IVZ|Invesco Ltd.|Financials|Asset Management & Custody Banks|1935|2008-08-21|||||
J|Jacobs Engineering Group|Industrials|Construction & Engineering|1947|2007-10-26|||||
JBHT|J. B. Hunt Transport Services|Industrials|Trucking|1961|2015-07-01|||||
JBL|Jabil Circuit|||||2014-11-05||||
JCI|Johnson Controls International|Industrials|Building Products|1885|2010-08-27|||||
JCP|J.C. Penney|||||2013-12-02||||
JDSU|JDS Uniphase||||2000-07-27|2013-12-23||||
JEC|Jacobs Engineering Group||||2007-10-26|||||
JEF|Jefferies Financial Group Inc|||||2019-09-26||||
JKHY|Jack Henry & Associates|Information Technology|Data Processing & Outsourced Services|1976|2018-11-13|||||
JNJ|Johnson & Johnson|Health Care|Pharmaceuticals|1886|1973-06-30|||||
JNPR|Juniper Networks|Information Technology|Communications Equipment|1996|2006-06-02|||||
JNS|Janus Capital Group|||||2011-11-18||||
JNY|Jones Apparel Group|||||2009-03-03||||
JOY|Joy Global||||2011-02-25|2015-10-07||||
JPM|JPMorgan Chase & Co.|Financials|Diversified Banks|2000|1975-06-30|||||
JWN|Nordstrom|||||2020-06-22||||
K|Kellogg Co.|Consumer Staples|Packaged Foods & Meats|1906||||||
KBH|KB Home|||||2009-12-18||||
KEY|KeyCorp|Financials|Regional Banks|1825|1994-03-01|||||
KEYS|Keysight Technologies|Information Technology|Electronic Equipment & Instruments|2014|2018-11-06|||||
KFT|Kraft Foods||||2007-03-30|||||
KG|King Pharmaceuticals Inc.|||||2010-12-17||||
KHC|Kraft Heinz Co|Consumer Staples|Packaged Foods & Meats|2015|2015-07-06|||||
KIM|Kimco Realty|Real Estate|Retail REITs|1958|2006-04-04|||||
KLAC|KLA Corporation|Information Technology|Semiconductor Equipment|1977||||||
KMB|Kimberly-Clark|Consumer Staples|Household Products|1872|1957-03-04|||||
KMI|Kinder Morgan|Energy|Oil & Gas Storage & Transportation|1997|2012-05-25|||||
KMX|Carmax Inc|Consumer Discretionary|Specialty Stores|1993|2010-06-28|||||
KO|Coca-Cola Company|Consumer Staples|Soft Drinks|1886|1957-03-04|||||
KORS|Michael Kors||||2013-11-13|||||
KR|Kroger Co.|Consumer Staples|Food Retail|1883|1957-03-04|||||
KRFT|Kraft Foods Group||||2012-10-02|2015-07-06||||
KSE|KeySpan|||||2007-08-24||||
KSS|Kohl's Corp.|||||2020-09-21||||
KSU|Kansas City Southern|Industrials|Railroads|1887|2013-05-24|||||
L|Loews Corp.|Financials|Multi-line Insurance|1959||||||
LB|L Brands Inc.|Consumer Discretionary|Apparel Retail|1963|1983-09-30|||||
LDOS|Leidos Holdings|Industrials|Diversified Support Services|1969|2019-08-09|||||
LDW|Laidlaw|||||1999-12-07||||
LEG|Leggett & Platt|Consumer Discretionary|Home Furnishings|1883||||||
LEH|Lehman Brothers|||||2008-09-16||||
LEN|Lennar Corp.|Consumer Discretionary|Homebuilding|1954|2005-10-04|||||
LH|Laboratory Corp. of America Holding|Health Care|Health Care Services|1978|2004-11-01|||||
LHX|L3Harris Technologies|Industrials|Aerospace & Defense|2019|2008-09-22|||||
LIFE|Life Technologies|||||2014-01-24||||
LIN|Linde plc|Materials|Industrial Gases|1879|1992-07-01|||||
LKQ|LKQ Corporation|Consumer Discretionary|Distributors|1998|2016-05-23|||||
LLL|L3 Technologies|||||2019-07-01||||
LLTC|Linear Technology|||||2017-03-13||||
LLY|Lilly (Eli) & Co.|Health Care|Pharmaceuticals|1876|1970-12-31|||||
LM|Legg Mason|||||2016-12-02||||
LMT|Lockheed Martin Corp.|Industrials|Aerospace & Defense|1995|1984-07-31|||||
LNC|Lincoln National|Financials|Multi-line Insurance|1905|1976-06-30|||||
LNT|Alliant Energy|Utilities|Electric Utilities|1917|2016-07-01|||||
LO|Lorillard Inc.||||2008-06-10|2015-06-11||||
LOW|Lowe's Cos.|Consumer Discretionary|Home Improvement Retail|1959|1984-02-29|||||
LRCX|Lam Research|Information Technology|Semiconductor Equipment|1980|2012-06-29|||||
LSI|LSI Corporation|||||2014-05-08||||
LUK|Leucadia National||||2007-08-24|||||
LUMN|Lumen Technologies|Communication Services|Alternative Carriers|1983|1999-03-25|||||
LUV|Southwest Airlines|Industrials|Airlines|1967|1994-07-01|||||
LVLT|Level 3 Communications||||2014-11-05|2017-10-13||||
LVS|Las Vegas Sands|Consumer Discretionary|Casinos & Gaming|1988|2019-10-03|||||
LW|Lamb Weston Holdings Inc|Consumer Staples|Packaged Foods & Meats|2016|2018-12-03|||||
LXK|Lexmark Int'l Inc|||||2012-10-01||||
LYB|LyondellBasell|Materials|Specialty Chemicals|2007|2012-09-05|||||
LYV|Live Nation Entertainment|Communication Services|Movies & Entertainment|2010|2019-12-23|||||
M|Macy's, Inc.|||||2020-04-06||||
MA|Mastercard Inc.|Information Technology|Data Processing & Outsourced Services|1966|2008-07-18|||||
MAA|Mid-America Apartments|Real Estate|Residential REITs|1977|2016-12-02|||||
MAC|Macerich||||2013-05-08|2019-12-23||||
MAR|Marriott International|Consumer Discretionary|Hotels, Resorts & Cruise Lines|1927||||||
MAS|Masco Corp.|Industrials|Building Products|1929|1981-06-30|||||
MAT|Mattel Inc|||||2019-06-07||||
MCD|McDonald's Corp.|Consumer Discretionary|Restaurants|1940|1970-06-30|||||
MCHP|Microchip Technology|Information Technology|Semiconductors|1989|2007-09-07|||||
MCK|McKesson Corp.|Health Care|Health Care Distributors|1833||||||
MCO|Moody's Corp|Financials|Financial Exchanges & Data|1909||||||
MDLZ|Mondelez International|Consumer Staples|Packaged Foods & Meats|2012|2012-10-02|||||
MDT|Medtronic plc|Health Care|Health Care Equipment|1949|1986-10-31|||||
MEE|Massey Energy Company|||||2011-06-01||||
MET|MetLife Inc.|Financials|Life & Health Insurance|1868||||||
MFE|McAfee Inc.|||||2011-02-28||||
MGM|MGM Resorts International|Consumer Discretionary|Casinos & Gaming|1986|2017-07-26|||||
MHK|Mohawk Industries|Consumer Discretionary|Home Furnishings|1878|2013-12-23|||||
MHS|Medco Health Solutions Inc.|||||2012-04-03||||
MI|Marshall & Iisley Corp.|||||2011-07-05||||
MIL|Millipore Inc.|||||2010-07-14||||
MJN|Mead Johnson||||2009-12-18|2017-06-19||||
MKC|McCormick & Co.|Consumer Staples|Packaged Foods & Meats|1889||||||
MKTX|MarketAxess|Financials|Financial Exchanges & Data|2000|2019-07-01|||||
MLM|Martin Marietta Materials|Materials|Construction Materials|1993|2014-07-02|||||
MMC|Marsh & McLennan|Financials|Insurance Brokers|1905|1987-08-31|||||
MMI|Motorola Mobility|||||2012-05-21||||
MMM|3M Company|Industrials|Industrial Conglomerates|1902|1976-08-09|||||
MNK|Mallinckrodt||||2014-08-18|2017-07-26||||
MNST|Monster Beverage|Consumer Staples|Soft Drinks|2012|2012-06-28|||||
MO|Altria Group Inc|Consumer Staples|Tobacco|1985|1957-03-04|||||
MOLX|Molex Inc.|||||2013-12-10||||
MON|Monsanto|||||2018-06-07||||
MOS|The Mosaic Company|Materials|Fertilizers & Agricultural Chemicals|2004|2011-09-26|||||
MPC|Marathon Petroleum|Energy|Oil & Gas Refining & Marketing|2009|2011-07-01|||||
MPWR|Monolithic Power Systems|Information Technology|Semiconductors|1997|2021-02-12|||||
MRK|Merck & Co.|Health Care|Pharmaceuticals|1891|1957-03-04|||||
MRO|Marathon Oil Corp.|Energy|Oil & Gas Exploration & Production|1887|1991-05-01|||||
MS|Morgan Stanley|Financials|Investment Banking & Brokerage|1935||||||
MSCI|MSCI Inc|Financials|Financial Exchanges & Data|1969|2018-04-04|||||
MSFT|Microsoft Corp.|Information Technology|Systems Software|1975|1994-06-01|||||
MSI|Motorola Solutions Inc.|Information Technology|Communications Equipment|1928||||||
MTB|M&T Bank|Financials|Regional Banks|1856|2004-02-23|||||
MTD|Mettler Toledo|Health Care|Life Sciences Tools & Services|1945|2016-09-06|||||
MU|Micron Technology|Information Technology|Semiconductors|1978|1994-09-27|||||
MUR|Murphy Oil|||||2017-07-26||||
MWW|Monster Worldwide Inc.|||||2011-12-16||||
MXIM|Maxim Integrated Products|Information Technology|Semiconductors|1983||2007-09-27|2018-12-03|||
NAVI|Navient Corp||||2014-05-01|2018-06-05||||
NBL|Noble Energy|||||2020-10-12||||
NBR|Nabors Industries|||||2015-03-23||||
NCLH|Norwegian Cruise Line Holdings|Consumer Discretionary|Hotels, Resorts & Cruise Lines|2011|2017-10-13|||||
NCR|NCR Corp.|||||2007-10-01||||
NDAQ|Nasdaq, Inc.|Financials|Financial Exchanges & Data|1971|2008-10-22|||||
NE|Noble Corporation|||||2015-07-20||||
NEE|NextEra Energy|Utilities|Multi-Utilities|1984|1976-06-30|||||
NEM|Newmont Corporation|Materials|Gold|1921|1969-06-30|||||
NFLX|Netflix Inc.|Communication Services|Movies & Entertainment|1997|2010-12-20|||||
NFX|Newfield Exploration||||2010-12-17|2019-02-15||||
NI|NiSource Inc.|Utilities|Multi-Utilities|1912||||||
NKE|Nike, Inc.|Consumer Discretionary|Apparel, Accessories & Luxury Goods|1964|1988-11-30|||||
NKTR|Nektar Therapeutics||||2018-03-19|2019-10-03||||
NLOK|NortonLifeLock|Information Technology|Application Software|1982|2003-03-25|||||
NLSN|Nielsen Holdings|Industrials|Research & Consulting Services|1923|2013-07-09|||||
NOC|Northrop Grumman|Industrials|Aerospace & Defense|1994|1985-06-30|||||
NOV|NOV Inc.|Energy|Oil & Gas Equipment & Services|1841|2005-03-14|||||
NOVL|Novell, Inc.|||||2011-04-27||||
NOW|ServiceNow|Information Technology|Systems Software|2003|2019-11-21|||||
NRG|NRG Energy|Utilities|Independent Power Producers & Energy Traders|1992|2010-01-29|||||
NSC|Norfolk Southern Corp.|Industrials|Railroads|1894|1957-03-04|||||
NSM|National Semiconductor Corp.|||||2011-09-23||||
NTAP|NetApp|Information Technology|Technology Hardware, Storage & Peripherals|1992|1999-06-25|||||
NTRS|Northern Trust Corp.|Financials|Asset Management & Custody Banks|1889||||||
NUE|Nucor Corp.|Materials|Steel|1940|1985-04-30|||||
NVDA|Nvidia Corporation|Information Technology|Semiconductors|1993|2001-11-30|||||
NVLS|Novellus Systems|||||2012-06-05||||
NVR|NVR, Inc.|Consumer Discretionary|Homebuilding|1980|2019-09-26|||||
NWL|Newell Brands|Consumer Discretionary|Housewares & Specialties|1903|1989-04-30|||||
NWS|News Corp (Class B)|Communication Services|Publishing|2013|2015-09-18|||||
NWSA|News Corp (Class A)|Communication Services|Publishing|2013|2013-08-01|||||
NXPI|NXP Semiconductors|Information Technology|Semiconductors|1953|2021-03-22|||||
NYT|The New York Times Co.|||||2010-12-17||||
NYX|NYSE Euronext|||||2013-11-13||||
O|Realty Income Corporation|Real Estate|Retail REITs|1969|2015-04-07|||||
ODFL|Old Dominion Freight Line|Industrials|Trucking|1934|2019-12-09|||||
ODP|Office Depot Inc.|||||2010-12-17||||
OI|Owens-Illinois|||||2000-12-05|2008-12-31|2016-12-02||
OKE|Oneok|Energy|Oil & Gas Storage & Transportation|1906|2010-03-15|||||
OMC|Omnicom Group|Communication Services|Advertising|1986||||||
ORCL|Oracle Corp.|Information Technology|Application Software|1977|1989-08-31|||||
ORLY|O'Reilly Automotive|Consumer Discretionary|Specialty Stores|1957|2009-03-27|||||
OTIS|Otis Worldwide|Industrials|Industrial Machinery|2020|2020-04-03|||||
OXY|Occidental Petroleum|Energy|Oil & Gas Exploration & Production|1920|1982-12-31|||||
PAYC|Paycom|Information Technology|Application Software|1998|2020-01-28|||||
PAYX|Paychex Inc.|Information Technology|Data Processing & Outsourced Services|1971||||||
PBCT|People's United Financial|Financials|Thrifts & Mortgage Finance|1842|2008-11-13|||||
PBI|Pitney Bowes Inc|||||2017-03-01||||
PCAR|Paccar|Industrials|Construction Machinery & Heavy Trucks|1905|1980-12-31|||||
PCG|PG&E Corp|||||2019-01-18||||
PCL|Plum Creek Timber|||||2016-02-22||||
PCLN|Priceline.com||||2009-11-03|||||
PCP|Precision Castparts Corp.|||||2016-02-01||||
PCS|MetroPCS|||||2013-04-30||||
PDCO|Patterson Companies|||||2018-03-19||||
PEAK|Healthpeak Properties|Real Estate|Health Care REITs|1985|2008-03-31|||||
PEG|Public Service Enterprise Group (PSEG)|Utilities|Electric Utilities|1903|1957-03-04|||||
PENN|Penn National Gaming|Consumer Discretionary|Casinos & Gaming|1972|2021-03-22|||||
PEP|PepsiCo Inc.|Consumer Staples|Soft Drinks|1898|1957-03-04|||||
PETM|PetSmart Inc.||||2012-10-10|2015-03-12||||
PFE|Pfizer Inc.|Health Care|Pharmaceuticals|1849|1957-03-04|||||
PFG|Principal Financial Group|Financials|Life & Health Insurance|1879|2002-07-22|||||
PG|Procter & Gamble|Consumer Staples|Personal Products|1837|1957-03-04|||||
PGN|Progress Energy Inc|||||2012-07-02||||
PGR|Progressive Corp.|Financials|Property & Casualty Insurance|1937|1997-08-04|||||
PH|Parker-Hannifin|Industrials|Industrial Machinery|1917|1985-11-30|||||
PHM|PulteGroup|Consumer Discretionary|Homebuilding|1956|1984-04-30|||||
PKG|Packaging Corporation of America|Materials|Paper Packaging|1959|2017-07-26|||||
PKI|PerkinElmer|Health Care|Health Care Equipment|1937|1985-05-31|||||
PLD|Prologis|Real Estate|Industrial REITs|1983|2003-07-17|||||
PLL|Pall Corp|||||2015-08-28||||
PM|Philip Morris International|Consumer Staples|Tobacco|2008|2008-03-31|||||
PNC|PNC Financial Services|Financials|Regional Banks|1845|1988-04-30|||||
PNR|Pentair plc|Industrials|Industrial Machinery|1966|2012-10-01|||||
PNW|Pinnacle West Capital|Utilities|Multi-Utilities|1985||||||
POM|Pepco Holdings Inc|||||2016-03-30||||
POOL|Pool Corporation|Consumer Discretionary|Distributors|1993|2020-10-07|||||
PPG|PPG Industries|Materials|Specialty Chemicals|1883|1957-03-04|||||
PPL|PPL Corp.|Utilities|Electric Utilities|1920||||||
PRGO|Perrigo|Health Care|Pharmaceuticals|2013|2011-12-19|||||
PRU|Prudential Financial|Financials|Life & Health Insurance|1875|2002-07-22|||||
PSA|Public Storage|Real Estate|Specialized REITs|1972|2005-08-19|||||
PSX|Phillips 66|Energy|Oil & Gas Refining & Marketing|2012|2012-05-01|||||
PTC|PTC Inc|Information Technology|Application Software|1985|2021-04-20|||||
PTV|Pactiv Corp.|||||2010-11-17||||
PVH|PVH Corp.|Consumer Discretionary|Apparel, Accessories & Luxury Goods|1881|2013-02-15|||||
PWR|Quanta Services Inc.|Industrials|Construction & Engineering|1997|2009-07-01|||||
PXD|Pioneer Natural Resources|Energy|Oil & Gas Exploration & Production|1997|2008-09-24|||||
PYPL|PayPal|Information Technology|Data Processing & Outsourced Services|1998|2015-07-20|||||
Q|Qwest Communications|||||2011-03-31||||
Q|QuintilesIMS||||2017-08-29|||||
QCOM|Qualcomm|Information Technology|Semiconductors|1985||||||
QEP|QEP Resources||||2010-06-30|2015-07-01||||
QRVO|Qorvo|Information Technology|Semiconductors|2015|2015-06-11|||||
QTRN|Quintiles Transnational|||||2003-09-25||||
R|Ryder Systems Inc.|||||2017-06-19||||
RAD|RiteAid|||||2000-07-27||||
RAI|Reynolds American|||||2017-07-26||||
RCL|Royal Caribbean Group|Consumer Discretionary|Hotels, Resorts & Cruise Lines|1997|2014-12-05|||||
RDC|Rowan Companies plc|||||2014-08-18||||
RE|Everest Re Group Ltd.|Financials|Reinsurance|1973|2017-06-19|||||
REG|Regency Centers Corporation|Real Estate|Retail REITs|1963|2017-03-02|||||
REGN|Regeneron Pharmaceuticals|Health Care|Biotechnology|1988|2013-05-01|||||
RF|Regions Financial Corp.|Financials|Regional Banks|1971|1998-08-28|||||
RHI|Robert Half International|Industrials|Human Resource & Employment Services|1948|2000-12-05|||||
RHT|Red Hat|||||2019-07-15||||
RIG|Transocean||||2013-10-29|2017-07-26||||
RJF|Raymond James Financial|Financials|Investment Banking & Brokerage|1962|2017-03-20|||||
RL|Ralph Lauren Corporation|Consumer Discretionary|Apparel, Accessories & Luxury Goods|1967|2007-02-02|||||
RMD|ResMed|Health Care|Health Care Equipment|1989|2017-07-26|||||
ROK|Rockwell Automation Inc.|Industrials|Electrical Components & Equipment|1903||||||
ROL|Rollins, Inc.|Industrials|Environmental & Facilities Services|1948|2018-10-01|||||
ROP|Roper Technologies|Industrials|Industrial Conglomerates|1981|2009-12-23|||||
ROST|Ross Stores|Consumer Discretionary|Apparel Retail|1982|2009-12-21|||||
RRC|Range Resources||||2007-12-20|2018-06-18||||
RRD|R.R. Donnelley|||||2012-12-11||||
RSG|Republic Services Inc|Industrials|Environmental & Facilities Services|1998|2008-12-05|||||
RSH|RadioShack Corp.|||||2011-06-30||||
RTN|Raytheon Company|||||2020-04-06||||
RTX|Raytheon Technologies|Industrials|Aerospace & Defense|1922||||||
RX|IMS Health|||||2010-02-26||||
S|Sprint Nextel Corp.|||||2013-07-08||||
SAI|SAIC|||||2013-09-20||||
SAIC|SAIC Inc.||||2009-12-18|||||
SBAC|SBA Communications|Real Estate|Specialized REITs|1989|2017-09-01|||||
SBL|Symbol Technologies||||2000-12-05|2007-01-10||||
SBUX|Starbucks Corp.|Consumer Discretionary|Restaurants|1971||||||
SCG|SCANA|||||2019-01-02||||
SCHW|Charles Schwab Corporation|Financials|Investment Banking & Brokerage|1971|1997-06-02|||||
SE|Spectra Energy Corp|||||2017-02-28||||
SEE|Sealed Air|Materials|Paper Packaging|1960|1957-03-04|||||
SGP|Schering-Plough Corp.|||||2009-11-03||||
SHLD|Sears Holding Corporation|||||2012-09-05||||
SHW|Sherwin-Williams|Materials|Specialty Chemicals|1866|1964-06-30|||||
SIAL|Sigma-Aldrich Corp|||||2015-11-19||||
SIG|Signet Jewelers||||2015-07-29|2018-03-19||||
SII|Smith International Inc.|||||2010-08-26||||
SIVB|SVB Financial|Financials|Regional Banks|1983|2018-03-19|||||
SJM|JM Smucker|Consumer Staples|Packaged Foods & Meats|1897|2008-11-06|||||
SLB|Schlumberger Ltd.|Energy|Oil & Gas Equipment & Services|1926|1965-03-31|||||
SLE|Sara Lee Corp.|||||2012-06-29||||
SLG|SL Green Realty||||2015-03-23|2021-03-22||||
SLM|SLM Corporation|||||2014-05-01||||
SLR|Solectron|||||2007-10-02||||
SNA|Snap-on|Industrials|Industrial Machinery|1920|1982-09-30|||||
SNDK|SanDisk Corporation|||||2016-05-13||||
SNI|Scripps Networks Interactive|||||2018-03-07||||
SNPS|Synopsys Inc.|Information Technology|Application Software|1986|2017-03-16|||||
SO|Southern Company|Utilities|Electric Utilities|1945|1957-03-04|||||
SPG|Simon Property Group Inc|Real Estate|Retail REITs|2003|2002-06-26|||||
SPGI|S&P Global Inc.|Financials|Financial Exchanges & Data|1917||||||
SPLS|Staples Inc.|||||2017-09-18||||
SRCL|Stericycle|||||2018-12-03||||
SRE|Sempra Energy|Utilities|Multi-Utilities|1998||||||
STE|Steris|Health Care|Health Care Equipment|1985|2019-12-23|||||
STI|SunTrust Banks|||||2019-12-09||||
STJ|St. Jude Medical|||||2017-01-05||||
STR|Questar|||||2010-06-30||||
STT|State Street Corp.|Financials|Asset Management & Custody Banks|1792||||||
STX|Seagate Technology|Information Technology|Technology Hardware, Storage & Peripherals|1979|2012-07-02|||||
STZ|Constellation Brands|Consumer Staples|Distillers & Vintners|1945|2005-07-01|||||
SUN|Sunoco Inc.|||||2012-10-10||||
SVU|Supervalu Inc.|||||2012-04-23||||
SWK|Stanley Black & Decker|Industrials|Industrial Machinery|1843|1982-09-30|||||
SWKS|Skyworks Solutions|Information Technology|Semiconductors|2002|2015-03-12|||||
SWN|Southwestern Energy|||||2017-04-04||||
SWY|Safeway Inc|||||2015-01-27||||
SYF|Synchrony Financial|Financials|Consumer Finance|2003|2015-11-18|||||
SYK|Stryker Corp.|Health Care|Health Care Equipment|1941|2000-12-12|||||
SYY|Sysco Corp.|Consumer Staples|Food Distributors|1969|1986-12-31|||||
T|AT&T Inc.|Communication Services|Integrated Telecommunication Services|1983|1983-11-30|||||
TAP|Molson Coors Beverage Company|Consumer Staples|Brewers|2005|1976-06-30|||||
TDC|Teradata Corp.||||2007-10-01|2017-06-19||||
TDG|TransDigm Group|Industrials|Aerospace & Defense|1993|2016-06-03|||||
TDY|Teledyne Technologies|Industrials|Aerospace & Defense|1960|2020-06-22|||||
TE|TECO Energy|||||2016-07-01||||
TEG|Integrys Energy Group Inc.|||||2015-07-01||||
TEL|TE Connectivity Ltd.|Information Technology|Electronic Manufacturing Services|2007|2011-10-17|||||
TER|Teradyne|Information Technology|Semiconductor Equipment|1960||2013-12-23|2020-09-21|||
TFC|Truist Financial|Financials|Regional Banks|1872|1997-12-04|||||
TFX|Teleflex|Health Care|Health Care Equipment|1943|2019-01-18|||||
TGNA|Tegna, Inc.|||||2017-06-02||||
TGT|Target Corp.|Consumer Discretionary|General Merchandise Stores|1902|1976-12-31|||||
THC|Tenet Healthcare|||||2016-04-18||||
TIE|Titanium Metals|||||2012-12-21||||
TIF|Tiffany & Co.|||||2021-01-07||||
TJX|TJX Companies Inc.|Consumer Discretionary|Apparel Retail|1987|1985-09-30|||||
TLAB|Tellabs Inc.|||||2011-12-20||||
TMO|Thermo Fisher Scientific|Health Care|Life Sciences Tools & Services|2006|2004-08-03|||||
TMUS|T-Mobile US|Communication Services|Wireless Telecommunication Services|1994|2019-07-15|||||
TPR|Tapestry, Inc.|Consumer Discretionary|Apparel, Accessories & Luxury Goods|2017||||||
TRB|Tribune Co.|||||2007-12-20||||
TRIP|TripAdvisor||||2011-12-20|2019-12-23||||
TRMB|Trimble Inc.|Information Technology|Electronic Equipment & Instruments|1978|2021-01-21|||||
TROW|T. Rowe Price Group|Financials|Asset Management & Custody Banks|1937||||||
TRV|The Travelers Companies|Financials|Property & Casualty Insurance|1853|2002-08-21|||||
TSCO|Tractor Supply Company|Consumer Discretionary|Specialty Stores|1938|2014-01-24|||||
TSG|Sabre Holdings|||||2007-03-30||||
TSLA|Tesla, Inc.|Consumer Discretionary|Automobile Manufacturers|2003|2020-12-21|||||
TSN|Tyson Foods|Consumer Staples|Packaged Foods & Meats|1935||||||
TSO|Tesoro Corp.||||2007-09-27|||||
TSS|TSYS|||||2019-09-23||||
TT|Trane Technologies plc|Industrials|Building Products|1871|2010-11-17|||||
TTWO|Take-Two Interactive|Communication Services|Interactive Home Entertainment|1993|2018-03-19|||||
TWC|Time Warner Cable|||||2016-05-18||||
TWTR|Twitter, Inc.|Communication Services|Interactive Media & Services|2006|2018-06-07|||||
TWX|Time Warner|||||2018-06-20||||
TXN|Texas Instruments|Information Technology|Semiconductors|1930||||||
TXT|Textron Inc.|Industrials|Aerospace & Defense|1923|1978-12-31|||||
TYL|Tyler Technologies|Information Technology|Application Software|1966|2020-06-22|||||
UA|Under Armour (Class C)|Consumer Discretionary|Apparel, Accessories & Luxury Goods|1996|2016-04-08|||||
UAA|Under Armour (Class A)|Consumer Discretionary|Apparel, Accessories & Luxury Goods|1996|2014-05-01|||||
UAL|United Airlines Holdings|Industrials|Airlines|1967|2015-09-03|||||
UDR|UDR, Inc.|Real Estate|Residential REITs|1972|2016-03-07|||||
UHS|Universal Health Services|Health Care|Health Care Facilities|1979|2014-09-20|||||
ULTA|Ulta Beauty|Consumer Discretionary|Specialty Stores|1990|2016-04-18|||||
UNH|UnitedHealth Group Inc.|Health Care|Managed Health Care|1977|1994-07-01|||||
UNM|Unum Group|Financials|Life & Health Insurance|1999|1994-03-01|||||
UNP|Union Pacific Corp|Industrials|Railroads|1862|1957-03-04|||||
UPS|United Parcel Service|Industrials|Air Freight & Logistics|1907|2002-07-22|||||
URBN|Urban Outfitters|||||2017-03-20||||
URI|United Rentals, Inc.|Industrials|Trading Companies & Distributors|1997|2014-09-20|||||
USB|U.S. Bancorp|Financials|Diversified Banks|1968||||||
V|Visa Inc.|Information Technology|Data Processing & Outsourced Services|1958|2009-12-21|||||
VAR|Varian Medical Systems|||||2021-04-20||||
VFC|VF Corporation|Consumer Discretionary|Apparel, Accessories & Luxury Goods|1899|1979-06-30|||||
VIAB|Viacom|||||2019-12-05||||
VIAC|ViacomCBS|Communication Services|Movies & Entertainment|2019||||||
VLO|Valero Energy|Energy|Oil & Gas Refining & Marketing|1980||||||
VMC|Vulcan Materials|Materials|Construction Materials|1909|1999-06-30|||||
VNO|Vornado Realty Trust|Real Estate|Office REITs|1982||||||
VNT|Vontier||||2020-10-09|2021-03-22||||
VRSK|Verisk Analytics|Industrials|Research & Consulting Services|1971|2015-10-08|||||
VRSN|Verisign Inc.|Information Technology|Internet Services & Infrastructure|1995|2006-02-01|||||
VRTX|Vertex Pharmaceuticals Inc|Health Care|Biotechnology|1989|2013-09-23|||||
VTR|Ventas Inc|Real Estate|Health Care REITs|1998|2009-03-04|||||
VTRS|Viatris|Health Care|Pharmaceuticals|1961|2004-04-23|||||
VZ|Verizon Communications|Communication Services|Integrated Telecommunication Services|1983|1983-11-30|||||
WAB|Westinghouse Air Brake Technologies Corp|Industrials|Construction Machinery & Heavy Trucks|1999|2019-02-27|||||
WAT|Waters Corporation|Health Care|Health Care Distributors|1958||||||
WB|Wachovia Bank|||||2008-12-31||||
WBA|Walgreens Boots Alliance|Consumer Staples|Drug Retail|2014|1979-12-31|||||
WCG|WellCare||||2018-09-14|2020-01-28||||
WDC|Western Digital|Information Technology|Technology Hardware, Storage & Peripherals|1970|2009-07-01|||||
WEC|WEC Energy Group|Utilities|Electric Utilities|1896|2008-10-31|||||
WELL|Welltower Inc.|Real Estate|Health Care REITs|1970|2009-01-30|||||
WFC|Wells Fargo|Financials|Diversified Banks|1852|1976-06-30|||||
WFM|Whole Foods Market|||||2017-08-29||||
WFR|MEMC Electronic Materials Inc.|||||2011-12-16||||
WHR|Whirlpool Corp.|Consumer Discretionary|Household Appliances|1911||||||
WIN|Windstream Holdings Inc|||||2015-04-07||||
WLTW|Willis Towers Watson|Financials|Insurance Brokers|2016|2016-01-05|||||
WM|Waste Management Inc.|Industrials|Environmental & Facilities Services|1968||||||
WMB|Williams Companies|Energy|Oil & Gas Storage & Transportation|1908|1975-03-31|||||
WMT|Walmart|Consumer Staples|Hypermarkets & Super Centers|1962|1982-08-31|||||
WPX|WPX Energy, Inc.||||2011-12-31|2014-03-21||||
WRB|W. R. Berkley Corporation|Financials|Property & Casualty Insurance|1967|2019-12-05|||||
WRK|WestRock|Materials|Paper Packaging|2015||||||
WST|West Pharmaceutical Services|Health Care|Health Care Supplies|1923|2020-05-22|||||
WU|Western Union Co|Information Technology|Data Processing & Outsourced Services|1851|2006-09-29|||||
WY|Weyerhaeuser|Real Estate|Specialized REITs|1900||||||
WYN|Wyndham Worldwide|||||2018-05-31||||
WYNN|Wynn Resorts Ltd|Consumer Discretionary|Casinos & Gaming|2002|2008-11-14|||||
X|United States Steel Corporation|||||2014-07-02||||
XEC|Cimarex Energy||||2014-06-20|2020-03-03||||
XEL|Xcel Energy Inc|Utilities|Multi-Utilities|1909|1957-03-04|||||
XL|XL Group|||||2018-09-14||||
XLNX|Xilinx|Information Technology|Semiconductors|1984|1999-11-08|||||
XOM|Exxon Mobil Corp.|Energy|Integrated Oil & Gas|1999|1957-03-04|||||
XRAY|Dentsply Sirona|Health Care|Health Care Supplies|2016|2008-11-14|||||
XRX|Xerox|||||2021-03-22||||
XTO|XTO Energy Inc.|||||2010-06-28||||
XYL|Xylem Inc.|Industrials|Industrial Machinery|2011|2011-11-01|||||
YHOO|Yahoo! Inc.||||1999-12-07|2017-06-19||||
YUM|Yum! Brands Inc|Consumer Discretionary|Restaurants|1997|1997-10-06|||||
ZBH|Zimmer Biomet|Health Care|Health Care Equipment|1927|2001-08-07|||||
ZBRA|Zebra Technologies|Information Technology|Electronic Equipment & Instruments|1969|2019-12-23|||||
ZION|Zions Bancorp|Financials|Regional Banks|1873|2001-06-22|||||
ZTS|Zoetis|Health Care|Pharmaceuticals|1952|2013-06-21|||||
